# ************************************************************
# Sequel Pro SQL dump
# Version 4541
#
# http://www.sequelpro.com/
# https://github.com/sequelpro/sequelpro
#
# Host: 127.0.0.1 (MySQL 5.7.16)
# Database: 3f_ekompaun_original
# Generation Time: 2017-12-13 07:17:20 +0000
# ************************************************************


/*!40101 SET @OLD_CHARACTER_SET_CLIENT=@@CHARACTER_SET_CLIENT */;
/*!40101 SET @OLD_CHARACTER_SET_RESULTS=@@CHARACTER_SET_RESULTS */;
/*!40101 SET @OLD_COLLATION_CONNECTION=@@COLLATION_CONNECTION */;
/*!40101 SET NAMES utf8 */;
/*!40014 SET @OLD_FOREIGN_KEY_CHECKS=@@FOREIGN_KEY_CHECKS, FOREIGN_KEY_CHECKS=0 */;
/*!40101 SET @OLD_SQL_MODE=@@SQL_MODE, SQL_MODE='NO_AUTO_VALUE_ON_ZERO' */;
/*!40111 SET @OLD_SQL_NOTES=@@SQL_NOTES, SQL_NOTES=0 */;


# Dump of table lkp_act
# ------------------------------------------------------------

# Dump of table lkp_act
# ------------------------------------------------------------

LOCK TABLES `lkp_act` WRITE;
/*!40000 ALTER TABLE `lkp_act` DISABLE KEYS */;

INSERT INTO `lkp_act` (`act_id`, `act_name`, `act_status`, `act_type`, `created_by`, `created_date`, `modify_by`, `modify_date`, `deleted_by`, `deleted_date`)
VALUES
	(1,'AKTA PENGANGKUTAN JALAN 1987',1, 1,1,'2017-11-21 11:28:10',NULL,NULL,NULL,NULL),
	(2,'AKTA PERBADANAN PUTRAJAYA (1995 (AKTA 536)',1, 1,1,'2017-11-21 13:13:23',NULL,NULL,NULL,NULL),
	(3,'AKTA KERAJAAN TEMPATAN 1976',1, 2,1,'2017-11-21 13:13:40',NULL,NULL,NULL,NULL),
	(4,'AKTA PERANCANGAN BANDAR DAN DESA 1976',1, 1,1,'2017-11-21 13:13:59',NULL,NULL,NULL,NULL),
	(5,'AKTA JALAN, PARIT DAN BANGUNAN 1974 (AKTA 133)',1, 1,1,'2017-11-21 13:14:16',NULL,NULL,NULL,NULL);

/*!40000 ALTER TABLE `lkp_act` ENABLE KEYS */;
UNLOCK TABLES;


# Dump of table lkp_country
# ------------------------------------------------------------

LOCK TABLES `lkp_country` WRITE;
/*!40000 ALTER TABLE `lkp_country` DISABLE KEYS */;

INSERT INTO `lkp_country` (`country_id`, `country_name`, `country_code`, `country_status`, `created_by`, `created_date`, `modify_by`, `modify_date`, `deleted_by`, `deleted_date`)
VALUES
	(1,'ANDORRA','AD',1,NULL,'2017-11-21 10:26:16',NULL,NULL,NULL,NULL),
	(2,'UNITED ARAB EMIRATES','AE',1,NULL,'2017-11-21 10:26:16',NULL,NULL,NULL,NULL),
	(3,'AFGHANISTAN','AF',1,NULL,'2017-11-21 10:26:16',NULL,NULL,NULL,NULL),
	(4,'ANTIGUA AND BARBUDA','AG',1,NULL,'2017-11-21 10:26:16',NULL,NULL,NULL,NULL),
	(5,'ALBANIA','AL',1,NULL,'2017-11-21 10:26:16',NULL,NULL,NULL,NULL),
	(6,'NETHERLANDS ANTILLES','AN',1,NULL,'2017-11-21 10:26:16',NULL,NULL,NULL,NULL),
	(7,'ANGOLA','AO',1,NULL,'2017-11-21 10:26:16',NULL,NULL,NULL,NULL),
	(8,'ARGENTINA','AR',1,NULL,'2017-11-21 10:26:16',NULL,NULL,NULL,NULL),
	(9,'AMERICAN SAMOA','AS',1,NULL,'2017-11-21 10:26:16',NULL,NULL,NULL,NULL),
	(10,'AUSTRIA','AT',1,NULL,'2017-11-21 10:26:16',NULL,NULL,NULL,NULL),
	(11,'AUSTRALIA','AU',1,NULL,'2017-11-21 10:26:16',NULL,NULL,NULL,NULL),
	(12,'ARUBA','AW',1,NULL,'2017-11-21 10:26:16',NULL,NULL,NULL,NULL),
	(13,'AZERBAIJAN','AZ',1,NULL,'2017-11-21 10:26:16',NULL,NULL,NULL,NULL),
	(14,'BARBADOS','BB',1,NULL,'2017-11-21 10:26:16',NULL,NULL,NULL,NULL),
	(15,'BANGLADESH','BD',1,NULL,'2017-11-21 10:26:16',NULL,NULL,NULL,NULL),
	(16,'BELGIUM','BE',1,NULL,'2017-11-21 10:26:16',NULL,NULL,NULL,NULL),
	(17,'BURKINA FASO','BF',1,NULL,'2017-11-21 10:26:16',NULL,NULL,NULL,NULL),
	(18,'BULGARIA','BG',1,NULL,'2017-11-21 10:26:16',NULL,NULL,NULL,NULL),
	(19,'BAHRAIN','BH',1,NULL,'2017-11-21 10:26:16',NULL,NULL,NULL,NULL),
	(20,'BURUNDI','BI',1,NULL,'2017-11-21 10:26:16',NULL,NULL,NULL,NULL),
	(21,'BENIN','BJ',1,NULL,'2017-11-21 10:26:16',NULL,NULL,NULL,NULL),
	(22,'BELARUS','BL',1,NULL,'2017-11-21 10:26:16',NULL,NULL,NULL,NULL),
	(23,'BERMUDA','BM',1,NULL,'2017-11-21 10:26:16',NULL,NULL,NULL,NULL),
	(24,'BRUNEI','BN',1,NULL,'2017-11-21 10:26:16',NULL,NULL,NULL,NULL),
	(25,'BOLIVIA','BO',1,NULL,'2017-11-21 10:26:16',NULL,NULL,NULL,NULL),
	(26,'BRAZIL','BR',1,NULL,'2017-11-21 10:26:16',NULL,NULL,NULL,NULL),
	(27,'BAHAMAS','BS',1,NULL,'2017-11-21 10:26:16',NULL,NULL,NULL,NULL),
	(28,'BHUTAN','BT',1,NULL,'2017-11-21 10:26:16',NULL,NULL,NULL,NULL),
	(29,'BOUVET ISLAND','BV',1,NULL,'2017-11-21 10:26:16',NULL,NULL,NULL,NULL),
	(30,'BOTSWANA','BW',1,NULL,'2017-11-21 10:26:16',NULL,NULL,NULL,NULL);

/*!40000 ALTER TABLE `lkp_country` ENABLE KEYS */;
UNLOCK TABLES;


# Dump of table lkp_custom_period
# ------------------------------------------------------------

LOCK TABLES `lkp_custom_period` WRITE;
/*!40000 ALTER TABLE `lkp_custom_period` DISABLE KEYS */;

INSERT INTO `lkp_custom_period` (`custom_id`, `custom_code`, `custom_name`, `custom_period`, `custom_haribekerja`, `custom_status`, `created_by`, `created_date`, `modify_by`, `modify_date`, `deleted_by`, `deleted_date`)
VALUES
	(1,'01','Pembayaran',14,0,1,NULL,NULL,NULL,NULL,NULL,NULL),
	(2,'02','Reminder Kelulusan',3,1,1,NULL,NULL,NULL,NULL,NULL,NULL),
	(3,'03','Kelulusan',7,1,1,NULL,NULL,NULL,NULL,NULL,NULL);

/*!40000 ALTER TABLE `lkp_custom_period` ENABLE KEYS */;
UNLOCK TABLES;


# Dump of table lkp_offence
# ------------------------------------------------------------

LOCK TABLES `lkp_offence` WRITE;
/*!40000 ALTER TABLE `lkp_offence` DISABLE KEYS */;

INSERT INTO `lkp_offence` (`offence_id`, `fk_lkp_sectionid`, `fk_lkp_actid`, `offence_code`, `offence_name`, `offence_status`, `created_by`, `created_date`, `modify_by`, `modify_date`, `deleted_by`, `deleted_date`)
VALUES
	(1,1,1,'4000001001','MENYEBABKAN/MEMBENARKAN KENDERAAN DIHENTIKAN DI JALAN DALAM KEDUDUKAN /KEADAAN YG MUNGKIN MENYEBABKAN BAHAYA/HALANGAN/KESUSAHAN KEPADA PENGGUNA/LALULINTAS',1,NULL,NULL,NULL,NULL,NULL,NULL),
	(2,1,1,'40000011','x',0,NULL,NULL,NULL,NULL,NULL,NULL),
	(3,2,1,'4000002001','MENGGUNAKAN MOTOSIKAL DENGN MEMBAWA LEBIH DARIPADA SEORANG SELAIN     PEMANDU',1,NULL,NULL,NULL,NULL,NULL,NULL),
	(4,2,1,'4000002002','MENUNGGANG DENGAN CARA SELAIN DARIPADA DUDUK MENUNGGANG DI BELAKANG   PEMANDU DI ATAS TEMPAT DUDUK',1,NULL,NULL,NULL,NULL,NULL,NULL),
	(5,3,1,'4000003001','TIDAK MEMBERHENTIKAN KENDERAAN APABILA DIKEHENDAKI OLEH WARDEN        LALULINTAS',1,NULL,NULL,NULL,NULL,NULL,NULL),
	(6,4,1,'4000004001','(3) GAGAL MENGEMUKAKAN PERAKUAN INSURANS KEPADA WARDEN LALU LINTAS',1,NULL,NULL,NULL,NULL,NULL,NULL),
	(7,4,1,'4000004002','(3) GAGAL MENGEMUKAKAN LESEN MEMANDU KEPADA WARDEN LALU LINTAS',1,NULL,NULL,NULL,NULL,NULL,NULL),
	(8,5,1,'4000005001','TIDAK MENGALIHKAN KENDERAAN YG ROSAK/BERHENTI DI JALAN AKIBAT         KEMALANGAN KE JALAN LAIN MENYEBABKAN GALANGAN/BAHAYA',1,NULL,NULL,NULL,NULL,NULL,NULL),
	(9,6,1,'4000006001','(4) MELANGGAR SEKATAN/LARANGAN YG DIBUAT/DIKENAKAN DI ATAS JALAN',1,NULL,NULL,NULL,NULL,NULL,NULL),
	(10,7,1,'4000007001','x',1,NULL,NULL,NULL,NULL,NULL,NULL),
	(11,8,1,'4000008001','(5) MELANGGAR KAEDAH BERHUBUNGAN DENGAN LINTASAN PEJALAN KAKI',1,NULL,NULL,NULL,NULL,NULL,NULL),
	(12,8,1,'4000008002','(12) MELETAKKAN DI ATAS JALAN/BERHAMPIRANNYA SYARAT LALULINTAS/BENDA   YG HAMPIR SERUPA DGN ISYARAT LALUINTAS/MELETAKKAN ISYARAT/IKLAN HINGGAMELINDUNG PANDANGAN AKAN ISYARAT LALULINTAS YG SEBENAR',1,NULL,NULL,NULL,NULL,NULL,NULL),
	(13,9,1,'4000009001','PEJALAN KAKI YANG MENYEBERANGI/BERJALAN DI JALAN MELANGGAR ARAHAN     BERHENTI OLEH WARDEN LALULINTAS',1,NULL,NULL,NULL,NULL,NULL,NULL),
	(14,9,1,'4000009002','(2) GAGAL/ABAI MEMATUHI PETUNJUK YG DIBERI OLEH ISYARAT LALULINTAS',1,NULL,NULL,NULL,NULL,NULL,NULL),
	(15,10,1,'04000010001','(11) SENGAJA MEROSAK/MENCACAT/MENGUBAH/MENGALIHKAN/MENGGANGGU ISYARAT  LALULINTAS',1,NULL,NULL,NULL,NULL,NULL,NULL),
	(16,10,1,'04000010002','(12)MELETAKKAN DI ATAS JALAN/BERHAMPIRANNYA ISYARAT LALULINTAS/BENDA   YG HAMPIR SERUPA DGN SUATU ISYARAT LALULINTAS/MELETAKKAN ISYARAT/IKLANHINGGA MELINDUNG PANDANGAN AKAN ISYARAT LALLINTAS YG SEBENAR',1,NULL,NULL,NULL,NULL,NULL,NULL),
	(17,11,1,'04000011001','(1) GAGAL/ABAI MEMBERHENTIKAN KENDERAAN APABILA DIARAHKAN OLEH WARDEN  LALULINTAS/BERJALAN MELALUI/MENGIKUTI GARISAN LALULINTAS YG DIARAHKAN OLEH WARDEN LALULINTAS',1,NULL,NULL,NULL,NULL,NULL,NULL),
	(18,11,1,'04000011002','(2) GAGAL MEMATUHI ISYARAT LALU LINTAS IAITU MELETAK KENDERAAN DI GARISAN KUNING',1,NULL,NULL,NULL,NULL,NULL,NULL),
	(19,11,1,'04000011003','(2) GAGAL MEMATUHI ISYARAT LALU LINTAS IAITU MELETAK KENDERAAN DI PAPAN TANDA DILARANG MELETAK KENDERAAN',1,NULL,NULL,NULL,NULL,NULL,NULL),
	(20,11,1,'04000011004','(2) GAGAL MEMATUHI ISYARAT LALU LINTAS IAITU MELETAK KENDERAAN DI PAPAN TANDA DILARANG BERHENTI SAMA SEKALI',1,NULL,NULL,NULL,NULL,NULL,NULL),
	(21,11,1,'04000011005','(2) MENGABAIKAN ARAHAN-ARAHAN DAN ISYARAT-ISYARAT LALULINTAS          (LALUAN SEHALA)',1,NULL,NULL,NULL,NULL,NULL,NULL),
	(22,12,1,'04000012001','MELETAK/MENYEBAB DILETAKKAN BONGGOL JALAN/TALI/WAYAR/RANTAI/TAKAL/    RADAS MELINTANG SUATU JALAN MENYEBABKAN BAHAYA',1,NULL,NULL,NULL,NULL,NULL,NULL),
	(23,13,1,'04000013001','MELETAK KENDERAAN/BENDA/PERKARA DI JALAN/BERHAMPIRANNYA / MENGGANGGU  SALIRAN DI TEPI JALAN / MENGGALANG/MEMBAHAYAKAN LALULINTAS',1,NULL,NULL,NULL,NULL,NULL,NULL),
	(24,14,1,'04000014001','(1)(A) GAGAL MEMBERIKAN MAKLUMAT PEMANDU SEBAGAIMANA YANG  DIKEHENDAKI',1,NULL,NULL,NULL,NULL,NULL,NULL),
	(25,16,1,'04001002001','TIDAK MEMATUHI SYARAT YG DIKENAKAN BAGI PENGGUNAAN TEMPAT LETAK KERETA',1,NULL,NULL,NULL,NULL,NULL,NULL),
	(26,17,1,'04001003001','ORANG YG BUKAN ATENDAN LETAK KERETA MENGUTIP CAJ DPD PEMANDU/PEMUNYA  KENDERAAN',1,NULL,NULL,NULL,NULL,NULL,NULL),
	(27,18,1,'04001004001','(A)GAGAL MELETAK KENDERAAN SECARA KESELURUHAN DALAM PETAK LETAK KERETA',1,NULL,NULL,NULL,NULL,NULL,NULL),
	(28,18,1,'04001004002','(B)GAGAL MELETAK KENDERAAN MENGIKUT ARAH LALU LINTAS.',1,NULL,NULL,NULL,NULL,NULL,NULL),
	(29,19,1,'04001005001','MELETAKKAN KENDERAAN DI TEMPAT/PETAK LETAK KERETA TANPA MEMBAYAR CAJ',1,NULL,NULL,NULL,NULL,NULL,NULL),
	(30,20,1,'04001006001','TIDAK MEMATUHI ARAHAN ATENDAN LETAK KERETA BERKAITAN URUSAN MELETAK   KENDERAAN DI TEMPAT LETAK KERETA',1,NULL,NULL,NULL,NULL,NULL,NULL),
	(31,21,1,'04001007001','MELETAK/MENYEBAB/MEMBENAR DILETAK KENDERAAN DI TEMPAT/PETAK LETAK     KERETA BERMUSIM SELEPAS TAMAT TEMPOH/ MELETAK/MENYEBAB/MEMBENARKAN    TERUS DILETAK KENDERAAN DI PETAK LETAK KERETA BERMUSIM SELEP',1,NULL,NULL,NULL,NULL,NULL,NULL),
	(32,22,1,'04001008001','TIDAK MEMPAMERKAN TIKET LETAK KERETA BERMUSIM PD SETIAP MASA DI PAPAN PEMUKA MENGHADAP CERMIN HADAPAN KENDERAAN',1,NULL,NULL,NULL,NULL,NULL,NULL),
	(33,23,1,'04001009001','MELETAK KENDERAAN DI TEMPAT LETAK KERETA BERMETER TANPA MEMBAYAR CAJ',1,NULL,NULL,NULL,NULL,NULL,NULL),
	(34,24,1,'04001010001','(1) MEMBENAR/MENYEBABKAN KENDERAAN TERUS BERADA DI PETAK LETAK KERETA  BERMETER SELEPAS HABIS TEMPOH MASA',1,NULL,NULL,NULL,NULL,NULL,NULL),
	(35,25,1,'04001011001','(1) MELETAK KENDERAAN DI PETAK LETAK KERETA BAYAR DAN PERAGA TANPA     MEMBAYAR CAJ',1,NULL,NULL,NULL,NULL,NULL,NULL),
	(36,26,1,'04001012001','(1) TIDAK MEMPAMERKAN TIKET LETAK KERETA BAYAR DAN PERAGA DI PAPAN     PEMUKA MENGHADAP CERMIN HADAPAN KENDERAAN',1,NULL,NULL,NULL,NULL,NULL,NULL),
	(37,26,1,'04001012002','(2) TIKET BAYAR DAN PERAGA DIGUNAKAN DI TEMPAT LETAK KERETA BAGI NO.   KENDERAAN YG BERLAINAN',1,NULL,NULL,NULL,NULL,NULL,NULL),
	(38,27,1,'04001013001','(1) MEMBENARKAN KENDERAAN BERADA DI PETAK LETAK KERETA BAYAR DAN      PERAGA SELEPAS TAMAT TEMPOH',1,NULL,NULL,NULL,NULL,NULL,NULL),
	(39,28,1,'04001014001','TIDAK MEMATUHI SYARAT YG DINYATAKAN PADA KUPON LETAK KERETA',1,NULL,NULL,NULL,NULL,NULL,NULL),
	(40,29,1,'04001015001','MELETAK KENDERAAN MENGGUNAKAN KUPON LETAK KERETA DI TEMPAT LETAK      BERMUSIM DAN TEMPAT LETAK KERETA TERKAWAL',1,NULL,NULL,NULL,NULL,NULL,NULL),
	(41,30,1,'04001016001','(1) TIDAK MEMPAMERKAN KUPON LETAK KERETA DI PAPAN PEMUKA MENGHADAP     CERMIN HADAPAN KENDERAAN',1,NULL,NULL,NULL,NULL,NULL,NULL),
	(42,30,1,'04001016002','(2) TIDAK MEMPAMERKAN KESEMUA KUPON LETAK KERETA YG DIPERLUKAN PADA    MASA YG SAMA',1,NULL,NULL,NULL,NULL,NULL,NULL),
	(43,31,1,'04001017001','KENDERAAN DITARIK/DIPANDU/DITOLAK TANPA MENGAMBIL PERHATIAN TERHADAP  KESELAMATAN KENDERAAN/ORANG DALAM KAWASAN TEMPAT LETAK KERETA',1,NULL,NULL,NULL,NULL,NULL,NULL),
	(44,32,1,'04001018001','MENGHALANG/MENYEBAB TERHALANG TEMPAT LETAK KERETA',1,NULL,NULL,NULL,NULL,NULL,NULL),
	(45,32,1,'04001018002','MENGHALANG/MENYEBABKAN TERHALANG PETAK LETAK KERETA',1,NULL,NULL,NULL,NULL,NULL,NULL),
	(46,33,1,'04001019001','MENGGUNAKAN TEMPAT/PETAK LETAK KERETA BAGI MENJALANKAN PERDAGANGAN/   PERNIAGAAN',1,NULL,NULL,NULL,NULL,NULL,NULL),
	(47,34,1,'04001020001','MEMBAIKI/MEMBENARKAN DIBAIKI KENDERAAN DI TEMPAT LETAK KERETA',1,NULL,NULL,NULL,NULL,NULL,NULL),
	(48,35,1,'04001021001','MENCUCI/MEMBERSIHKAN/MENYEBABKAN DICUCI/DIBERSIHKAN KENDERAAN DITEMPAT/PETAK LETAK KERETA',1,NULL,NULL,NULL,NULL,NULL,NULL),
	(49,36,1,'04001022001','MELETAK/MEMPAMERKAN NOTIS/IKLAN PADA KENDERAAN UNTUK MENJUAL KENDERAANSEMASA KENDERAAN DILETAKKAN DI TEMPAT LETAK KERETA',1,NULL,NULL,NULL,NULL,NULL,NULL),
	(50,36,1,'04001022002','MENGGUNAKAN KENDERAAN YANG DILETAKKAN DI TEMPAT/PETAK LETAK KERETA    SELAIN DARI TUJUAN MELETAK KENDERAAN',1,NULL,NULL,NULL,NULL,NULL,NULL),
	(51,37,1,'04001023001','MENGALIH/MENYEBABKAN DIALIH RESIT/TIKET/NOTIS KOMPAUN YG DIKELUARKAN  OLEH ATENDAN LETAK KERETA/PEGAWAI YG DIBERI KUASA',1,NULL,NULL,NULL,NULL,NULL,NULL),
	(52,38,1,'04001024001','MENGALIH/MENGETUK/MENGGANGGU/MENGUSIK / CUBA MENGALIH/MENGETUK/       MENGGANGGU/MENGUSIK PERJALANAN METER LETAK KERETA',1,NULL,NULL,NULL,NULL,NULL,NULL),
	(53,38,1,'04001024002','MENAMPAL/CUBA MENAMPAL PELEKAT/IKLAN/NOTIS/SENARAI/DOKUMEN/PAPAN/BENDAPADA METER LETAK KERETA',1,NULL,NULL,NULL,NULL,NULL,NULL),
	(54,38,1,'04001024003','MENGECAT/MENULIS ATAS/MEROSAKKAN/MENYALAHGUNAKAN METER LETAK KERETA',1,NULL,NULL,NULL,NULL,NULL,NULL),
	(55,39,1,'04002001001','MELETAKKAN KENDERAAN DALAM LINGKUNGAN 30 KAKI DARI PERSIMPANGAN JALAN.',1,NULL,NULL,NULL,NULL,NULL,NULL),
	(56,39,1,'04002001002','MELETAKKAN KENDERAAN DALAM LINGKUNGAN 30 KAKI DARI SELEKOH',1,NULL,NULL,NULL,NULL,NULL,NULL),
	(57,40,1,'04002002001','MELETAKKAN KENDERAAN DALAM LINGKUNGAN 10\' DARI MANA-MANA BELAH PILI   BOMBA',1,NULL,NULL,NULL,NULL,NULL,NULL),
	(58,40,1,'04002002002','MELETAKKAN KENDERAAN DALAM LINGKUNGAN 10 KAKI DARI PILI BOMBA PAIP    TEGAK',1,NULL,NULL,NULL,NULL,NULL,NULL),
	(59,40,1,'04002002003','MELETAKKAN KENDERAAN DALAM LINGKUNGAN 10 KAKI DARI PILI BOMBA BAWAH   TANAH',1,NULL,NULL,NULL,NULL,NULL,NULL),
	(60,41,1,'04002003001','MELETAKKAN KENDERAAN BERADA DALAM JARAK 30 KAKI DI MANA-MANA BELAH    ISYARAT PERHENTIAN BAS',1,NULL,NULL,NULL,NULL,NULL,NULL),
	(61,41,1,'04002003002','MELETAKKAN KENDERAAN BERADA DALAM JARAK 30 KAKI DI SEBERANG ISYARAT   PERHENTIAN BAS',1,NULL,NULL,NULL,NULL,NULL,NULL),
	(62,42,1,'04002004001','MELAKUKAN GALANGAN DENGAN MELETAKKAN KENDERAAN TIDAK SELARI DENGAN    JALAN/TIDAK RAPAT KE KIRI/BAHU JALAN',1,NULL,NULL,NULL,NULL,NULL,NULL),
	(63,43,1,'04002005001','MELAKUKAN HALANGAN DENGAN MELETAKKAN KENDERAAN BERTENTANGAN DENGAN ARAH LALU LINTAS',1,NULL,NULL,NULL,NULL,NULL,NULL),
	(64,43,1,'04002005002','MELAKUKAN HALANGAN DENGAN MEMANDU KENDERAAN BERTENTANGAN DENGAN ARAH  LALU LINTAS',1,NULL,NULL,NULL,NULL,NULL,NULL),
	(65,44,1,'04002006001','MELETAKKAN KENDERAAN DI ATAS JALAN RAYA YANG ADA DUA GARISAN BERTERUSAN',1,NULL,NULL,NULL,NULL,NULL,NULL),
	(66,44,1,'04002006002','MELETAKKAN KENDERAAN DI ATAS JALAN RAYA YANG ADA SATU GARISAN BERTERUSAN DAN SATU LAGI PUTUS-PUTUS.',1,NULL,NULL,NULL,NULL,NULL,NULL),
	(67,45,1,'04002007001','MELETAKKAN KENDERAAN BERADA DI ATAS LORONG PEJALAN KAKI',1,NULL,NULL,NULL,NULL,NULL,NULL),
	(68,46,1,'04002008001','MEMBENARKAN KENDERAAN BERADA DI ATAS JALAN RAYA HINGGA MENYEBABKAN HALANGAN YANG TIDAK PERLU',1,NULL,NULL,NULL,NULL,NULL,NULL),
	(69,47,1,'04002009001','MELETAKKAN KENDERAAN DALAN KEADAAN BAHAYA, HALANGAN ATAU KESULITAN    TIDAK BERPATUTAN KEPADA PENGGUNA JALAN RAYA YANG LAIN',1,NULL,NULL,NULL,NULL,NULL,NULL),
	(70,48,1,'04002010001','MEMANDU KENDERAN DI LORONG YANG DITETAPKAN SEBAGAI LORONG BAS',1,NULL,NULL,NULL,NULL,NULL,NULL),
	(71,49,1,'04002011001','SEBAGAI PEMANDU BAS MEMANDU DI LORONG BUKAN DI LORONG BAS',1,NULL,NULL,NULL,NULL,NULL,NULL),
	(72,50,1,'04002012001','MEMBAIKI ATAU MEMBENARKAN KENDERAAN DIBAIKI DI ATAS JALAN AWAM',1,NULL,NULL,NULL,NULL,NULL,NULL),
	(73,51,2,'03001001','PERATURAN 3',1,NULL,NULL,NULL,NULL,NULL,NULL),
	(74,51,2,'03001001001','(1) MENGGUNA/MEMBENAR/MENYEBABKAN DIGUNAKAN MANA-MANA BOT BERMOTOR    TANPA LESEN DARIPADA PERBADANAN',1,NULL,NULL,NULL,NULL,NULL,NULL),
	(75,51,2,'03001001002','(2) MENGGUNA/ MEMBENAR/ MENYEBABKAN DIGUNAKAN MANA-MANA- BOT TANPA    MOTOR DI TASIK DENGAN TIADA SIJIL BERDAFTAR YANG DIKELUARKAN OLEH     PERBADANAN',1,NULL,NULL,NULL,NULL,NULL,NULL),
	(76,51,2,'03001002','PERATURAN 4',1,NULL,NULL,NULL,NULL,NULL,NULL),
	(77,51,2,'03001003','PERATURAN 6',1,NULL,NULL,NULL,NULL,NULL,NULL),
	(78,51,2,'03001004','PERATURAN 7',1,NULL,NULL,NULL,NULL,NULL,NULL),
	(79,51,2,'03001005','PERATURAN 9',1,NULL,NULL,NULL,NULL,NULL,NULL),
	(80,51,2,'03001006','PERATURAN 11',1,NULL,NULL,NULL,NULL,NULL,NULL),
	(81,51,2,'03001007','PERATURAN 12',1,NULL,NULL,NULL,NULL,NULL,NULL),
	(82,51,2,'03001008','PERATURAN 13',1,NULL,NULL,NULL,NULL,NULL,NULL),
	(83,51,2,'03001009','PERATURAN 14',1,NULL,NULL,NULL,NULL,NULL,NULL),
	(84,51,2,'03001010','PERATURAN 15',1,NULL,NULL,NULL,NULL,NULL,NULL),
	(85,51,2,'03001011','PERATURAN 16',1,NULL,NULL,NULL,NULL,NULL,NULL),
	(86,51,2,'03001012','PERATURAN 17',1,NULL,NULL,NULL,NULL,NULL,NULL),
	(87,51,2,'03001013','PERATURAN 18',1,NULL,NULL,NULL,NULL,NULL,NULL),
	(88,51,2,'03001014','PERATURAN 19',1,NULL,NULL,NULL,NULL,NULL,NULL),
	(89,51,2,'03001015','PERATURAN 20(1)',1,NULL,NULL,NULL,NULL,NULL,NULL),
	(90,51,2,'03001015001','(A) MEMASANG,MENGENDALI ATAU MEMBENARKAN ATAU MENYEBABKAN PEMASANGAN  ATAU PENGENDALIAN APA-APA PERALATAN MENANGKAP IKAN',1,NULL,NULL,NULL,NULL,NULL,NULL),
	(91,51,2,'03001015002','(B) MENGENDALI/ MEMBENARKAN ATAU MENYEBABKAN PENGENDALIAN MANA-MANA   BOT MENANGKAP,IKAN TANPA PERMIT YANG DIKELUARKAN OLEH PERBADANAN',1,NULL,NULL,NULL,NULL,NULL,NULL),
	(92,51,2,'03001015003','(C)BERADA DALAM MILIKANNYA/ DI ATAS SUATU BOT APA-APA PERALATAN       MENANGKAP IKAN ATAU SEBAHAGIAN DARIPADANYA',1,NULL,NULL,NULL,NULL,NULL,NULL);

/*!40000 ALTER TABLE `lkp_offence` ENABLE KEYS */;
UNLOCK TABLES;


# Dump of table lkp_payment_method
# ------------------------------------------------------------

LOCK TABLES `lkp_payment_method` WRITE;
/*!40000 ALTER TABLE `lkp_payment_method` DISABLE KEYS */;

INSERT INTO `lkp_payment_method` (`paymethod_id`, `paymethod_name`, `payment_status`, `created_by`, `created_date`, `modify_by`, `modify_date`, `deleted_by`, `deleted_date`)
VALUES
	(1,'FPX',1,NULL,'0000-00-00 00:00:00',NULL,'0000-00-00 00:00:00',NULL,'0000-00-00 00:00:00'),
	(2,'Online Banking',1,NULL,'0000-00-00 00:00:00',NULL,'0000-00-00 00:00:00',NULL,'0000-00-00 00:00:00'),
	(3,'Jompay',1,NULL,'0000-00-00 00:00:00',NULL,'0000-00-00 00:00:00',NULL,'0000-00-00 00:00:00'),
	(4,'Kad Kredit',1,NULL,'0000-00-00 00:00:00',NULL,'0000-00-00 00:00:00',NULL,'0000-00-00 00:00:00'),
	(5,'Wang Pos',1,NULL,'0000-00-00 00:00:00',NULL,'0000-00-00 00:00:00',NULL,'0000-00-00 00:00:00'),
	(6,'Bank Draf',1,NULL,'0000-00-00 00:00:00',NULL,'0000-00-00 00:00:00',NULL,'0000-00-00 00:00:00');

/*!40000 ALTER TABLE `lkp_payment_method` ENABLE KEYS */;
UNLOCK TABLES;


# Dump of table lkp_period
# ------------------------------------------------------------

LOCK TABLES `lkp_period` WRITE;
/*!40000 ALTER TABLE `lkp_period` DISABLE KEYS */;

INSERT INTO `lkp_period` (`period_id`, `period_name`, `period_status`, `period_acttype`, `created_by`, `created_date`, `modify_by`, `modify_date`, `deleted_by`, `deleted_date`)
VALUES
	(1,'1-15',1, 1,NULL,'0000-00-00 00:00:00',NULL,'0000-00-00 00:00:00',NULL,'0000-00-00 00:00:00'),
	(2,'16-30',1, 1,NULL,'0000-00-00 00:00:00',NULL,'0000-00-00 00:00:00',NULL,'0000-00-00 00:00:00'),
	(3,'31-60',1, 1,NULL,'0000-00-00 00:00:00',NULL,'0000-00-00 00:00:00',NULL,'0000-00-00 00:00:00'),
	(4,'1-3',1, 1,NULL,'0000-00-00 00:00:00',NULL,'0000-00-00 00:00:00',NULL,'0000-00-00 00:00:00'),
	(5,'4-14',1, 1,NULL,'0000-00-00 00:00:00',NULL,'0000-00-00 00:00:00',NULL,'0000-00-00 00:00:00'),
	(6,'15-45',1, 1,NULL,'0000-00-00 00:00:00',NULL,'0000-00-00 00:00:00',NULL,'0000-00-00 00:00:00'),
	(7,'46-99',1, 1,NULL,'0000-00-00 00:00:00',NULL,'0000-00-00 00:00:00',NULL,'0000-00-00 00:00:00'),
	(8,'1-14',1, 1,NULL,'0000-00-00 00:00:00',NULL,'0000-00-00 00:00:00',NULL,'0000-00-00 00:00:00'),
	(9,'15-29',1, 1,NULL,'0000-00-00 00:00:00',NULL,'0000-00-00 00:00:00',NULL,'0000-00-00 00:00:00'),
	(10,'30-99',1, 1,NULL,'0000-00-00 00:00:00',NULL,'0000-00-00 00:00:00',NULL,'0000-00-00 00:00:00'),
	(12,'1-5',1, 1,NULL,'0000-00-00 00:00:00',NULL,'0000-00-00 00:00:00',NULL,'0000-00-00 00:00:00'),
	(13,'Kesalahan Pertama',1, 2,NULL,'0000-00-00 00:00:00',NULL,'0000-00-00 00:00:00',NULL,'0000-00-00 00:00:00'),
	(14,'Kesalahan Kedua',1, 2,NULL,'0000-00-00 00:00:00',NULL,'0000-00-00 00:00:00',NULL,'0000-00-00 00:00:00'),
	(15,'Kesalahan Ketiga',1, 2,NULL,'0000-00-00 00:00:00',NULL,'0000-00-00 00:00:00',NULL,'0000-00-00 00:00:00'),
	(99,'Saman',1, 1,NULL,'0000-00-00 00:00:00',NULL,'0000-00-00 00:00:00',NULL,'0000-00-00 00:00:00');

/*!40000 ALTER TABLE `lkp_period` ENABLE KEYS */;
UNLOCK TABLES;


# Dump of table lkp_roles
# ------------------------------------------------------------

LOCK TABLES `lkp_roles` WRITE;
/*!40000 ALTER TABLE `lkp_roles` DISABLE KEYS */;

INSERT INTO `lkp_roles` (`role_id`, `role_name`, `role_status`, `created_at`, `updated_at`, `deleted_at`)
VALUES
	(1,'Pentadbir Sistem',1,'2017-11-21 13:51:26','0000-00-00 00:00:00','2017-11-21 13:51:28'),
	(2,'Ketua Pegawai J(U)',1,'2017-11-21 13:51:37','0000-00-00 00:00:00','2017-11-21 13:51:40'),
	(3,'Pegawai J(U)',1,'2017-11-21 13:51:50','0000-00-00 00:00:00','2017-11-21 13:52:01'),
	(4,'Pegawai Kewangan',1,'2017-11-21 13:52:06','0000-00-00 00:00:00','2017-11-21 13:52:15'),
	(5,'Kerani',1,'2017-11-21 13:52:20','0000-00-00 00:00:00','2017-11-21 13:52:29');

/*!40000 ALTER TABLE `lkp_roles` ENABLE KEYS */;
UNLOCK TABLES;


# Dump of table lkp_search_parameter
# ------------------------------------------------------------

LOCK TABLES `lkp_search_parameter` WRITE;
/*!40000 ALTER TABLE `lkp_search_parameter` DISABLE KEYS */;

INSERT INTO `lkp_search_parameter` (`param_id`, `param_name`, `param_status`, `created_by`, `created_date`, `modify_by`, `modify_date`, `deleted_by`, `deleted_date`)
VALUES
	(1,'No. Kad Pengenalan',0,1,'2017-11-21 13:10:43',NULL,'0000-00-00 00:00:00',NULL,'0000-00-00 00:00:00'),
	(2,'No. Kompaun',0,1,'2017-11-21 13:10:46',NULL,'0000-00-00 00:00:00',NULL,'0000-00-00 00:00:00'),
	(3,'No. Kad Pengenalan & No. Kenderaan',1,1,'2017-11-21 13:10:48',NULL,'0000-00-00 00:00:00',NULL,'0000-00-00 00:00:00'),
	(4,'No. Pasport & No. Kenderaan',1,1,'2017-11-21 13:11:05',NULL,'0000-00-00 00:00:00',NULL,'0000-00-00 00:00:00'),
	(5,'No. Kenderaan',0,1,'2017-11-21 13:11:20',NULL,'0000-00-00 00:00:00',NULL,'0000-00-00 00:00:00'),
	(6,'No. Pendaftaran Perniagaan',0,1,'2017-11-21 13:11:41',NULL,'0000-00-00 00:00:00',NULL,'0000-00-00 00:00:00'),
	(7,'No. Pasport',0,1,'2017-11-21 13:12:26',NULL,'0000-00-00 00:00:00',NULL,'0000-00-00 00:00:00');

/*!40000 ALTER TABLE `lkp_search_parameter` ENABLE KEYS */;
UNLOCK TABLES;


# Dump of table lkp_section
# ------------------------------------------------------------

LOCK TABLES `lkp_section` WRITE;
/*!40000 ALTER TABLE `lkp_section` DISABLE KEYS */;

INSERT INTO `lkp_section` (`section_id`, `fk_lkp_actid`, `section_code`, `section_name`, `section_status`, `created_by`, `created_date`, `modify_by`, `modify_date`, `deleted_by`, `deleted_date`)
VALUES
	(1,1,'04000001','SEKSYEN 48',1,NULL,'0000-00-00 00:00:00',NULL,'0000-00-00 00:00:00',NULL,'0000-00-00 00:00:00'),
	(2,1,'04000002','SEKSYEN 49(2)',1,NULL,'0000-00-00 00:00:00',NULL,'0000-00-00 00:00:00',NULL,'0000-00-00 00:00:00'),
	(3,1,'04000003','SEKSYEN 55',1,NULL,'0000-00-00 00:00:00',NULL,'0000-00-00 00:00:00',NULL,'0000-00-00 00:00:00'),
	(4,1,'04000004','SEKSYEN 58',1,NULL,'0000-00-00 00:00:00',NULL,'0000-00-00 00:00:00',NULL,'0000-00-00 00:00:00'),
	(5,1,'04000005','SEKSYEN 65(2)',1,NULL,'0000-00-00 00:00:00',NULL,'0000-00-00 00:00:00',NULL,'0000-00-00 00:00:00'),
	(6,1,'04000006','SEKSYEN 70(4)',1,NULL,'0000-00-00 00:00:00',NULL,'0000-00-00 00:00:00',NULL,'0000-00-00 00:00:00'),
	(7,1,'04000007','SEKSYEN 72',1,NULL,'0000-00-00 00:00:00',NULL,'0000-00-00 00:00:00',NULL,'0000-00-00 00:00:00'),
	(8,1,'04000008','SEKSYEN 75',1,NULL,'0000-00-00 00:00:00',NULL,'0000-00-00 00:00:00',NULL,'0000-00-00 00:00:00'),
	(9,1,'04000009','SEKSYEN 76',1,NULL,'0000-00-00 00:00:00',NULL,'0000-00-00 00:00:00',NULL,'0000-00-00 00:00:00'),
	(10,1,'04000010','SEKSYEN 77',1,NULL,'0000-00-00 00:00:00',NULL,'0000-00-00 00:00:00',NULL,'0000-00-00 00:00:00'),
	(11,1,'04000011','SEKSYEN 79',1,NULL,'0000-00-00 00:00:00',NULL,'0000-00-00 00:00:00',NULL,'0000-00-00 00:00:00'),
	(12,1,'04000012','SEKSYEN 80',1,NULL,'0000-00-00 00:00:00',NULL,'0000-00-00 00:00:00',NULL,'0000-00-00 00:00:00'),
	(13,1,'04000013','SEKSYEN 110',1,NULL,'0000-00-00 00:00:00',NULL,'0000-00-00 00:00:00',NULL,'0000-00-00 00:00:00'),
	(14,1,'04000014','SEKSYEN 115',1,NULL,'0000-00-00 00:00:00',NULL,'0000-00-00 00:00:00',NULL,'0000-00-00 00:00:00'),
	(15,1,'04001001','PERENGGAN 4',1,NULL,'0000-00-00 00:00:00',NULL,'0000-00-00 00:00:00',NULL,'0000-00-00 00:00:00'),
	(16,1,'04001002','PERENGGAN 5',1,NULL,'0000-00-00 00:00:00',NULL,'0000-00-00 00:00:00',NULL,'0000-00-00 00:00:00'),
	(17,1,'04001003','PERENGGAN 6',1,NULL,'0000-00-00 00:00:00',NULL,'0000-00-00 00:00:00',NULL,'0000-00-00 00:00:00'),
	(18,1,'04001004','PERENGGAN 7(1)',1,NULL,'0000-00-00 00:00:00',NULL,'0000-00-00 00:00:00',NULL,'0000-00-00 00:00:00'),
	(19,1,'04001005','PERENGGAN 8',1,NULL,'0000-00-00 00:00:00',NULL,'0000-00-00 00:00:00',NULL,'0000-00-00 00:00:00'),
	(20,1,'04001006','PERENGGAN 10',1,NULL,'0000-00-00 00:00:00',NULL,'0000-00-00 00:00:00',NULL,'0000-00-00 00:00:00'),
	(21,1,'04001007','PERENGGAN 13',1,NULL,'0000-00-00 00:00:00',NULL,'0000-00-00 00:00:00',NULL,'0000-00-00 00:00:00'),
	(22,1,'04001008','PERENGGAN 15',1,NULL,'0000-00-00 00:00:00',NULL,'0000-00-00 00:00:00',NULL,'0000-00-00 00:00:00'),
	(23,1,'04001009','PERANGGAN 17',1,NULL,'0000-00-00 00:00:00',NULL,'0000-00-00 00:00:00',NULL,'0000-00-00 00:00:00'),
	(24,1,'04001010','PERENGGAN 18',1,NULL,'0000-00-00 00:00:00',NULL,'0000-00-00 00:00:00',NULL,'0000-00-00 00:00:00'),
	(25,1,'04001011','PERENGGAN 21',1,NULL,'0000-00-00 00:00:00',NULL,'0000-00-00 00:00:00',NULL,'0000-00-00 00:00:00'),
	(26,1,'04001012','PERANGGAN 22',1,NULL,'0000-00-00 00:00:00',NULL,'0000-00-00 00:00:00',NULL,'0000-00-00 00:00:00'),
	(27,1,'04001013','PERENGGAN 23',1,NULL,'0000-00-00 00:00:00',NULL,'0000-00-00 00:00:00',NULL,'0000-00-00 00:00:00'),
	(28,1,'04001014','PERENGGAN 26',1,NULL,'0000-00-00 00:00:00',NULL,'0000-00-00 00:00:00',NULL,'0000-00-00 00:00:00'),
	(29,1,'04001015','PERENGGAN 27',1,NULL,'0000-00-00 00:00:00',NULL,'0000-00-00 00:00:00',NULL,'0000-00-00 00:00:00'),
	(30,1,'04001016','PERENGGAN 28',1,NULL,'0000-00-00 00:00:00',NULL,'0000-00-00 00:00:00',NULL,'0000-00-00 00:00:00'),
	(31,1,'04001017','PERENGGAN 32',1,NULL,'0000-00-00 00:00:00',NULL,'0000-00-00 00:00:00',NULL,'0000-00-00 00:00:00'),
	(32,1,'04001018','PERENGGAN 34',1,NULL,'0000-00-00 00:00:00',NULL,'0000-00-00 00:00:00',NULL,'0000-00-00 00:00:00'),
	(33,1,'04001019','PERENGGAN 38',1,NULL,'0000-00-00 00:00:00',NULL,'0000-00-00 00:00:00',NULL,'0000-00-00 00:00:00'),
	(34,1,'04001020','PERENGGAN 39',1,NULL,'0000-00-00 00:00:00',NULL,'0000-00-00 00:00:00',NULL,'0000-00-00 00:00:00'),
	(35,1,'04001021','PERENGGAN 40',1,NULL,'0000-00-00 00:00:00',NULL,'0000-00-00 00:00:00',NULL,'0000-00-00 00:00:00'),
	(36,1,'04001022','PERENGGAN 41',1,NULL,'0000-00-00 00:00:00',NULL,'0000-00-00 00:00:00',NULL,'0000-00-00 00:00:00'),
	(37,1,'04001023','PERENGGAN 42',1,NULL,'0000-00-00 00:00:00',NULL,'0000-00-00 00:00:00',NULL,'0000-00-00 00:00:00'),
	(38,1,'04001024','PERENGGAN 43',1,NULL,'0000-00-00 00:00:00',NULL,'0000-00-00 00:00:00',NULL,'0000-00-00 00:00:00'),
	(39,1,'04002001','KAEDAH 12(1)',1,NULL,'0000-00-00 00:00:00',NULL,'0000-00-00 00:00:00',NULL,'0000-00-00 00:00:00'),
	(40,1,'04002002','KAEDAH 12(2)',1,NULL,'0000-00-00 00:00:00',NULL,'0000-00-00 00:00:00',NULL,'0000-00-00 00:00:00'),
	(41,1,'04002003','KAEDAH 12(3)',1,NULL,'0000-00-00 00:00:00',NULL,'0000-00-00 00:00:00',NULL,'0000-00-00 00:00:00'),
	(42,1,'04002004','KAEDAH 16(2)',1,NULL,'0000-00-00 00:00:00',NULL,'0000-00-00 00:00:00',NULL,'0000-00-00 00:00:00'),
	(43,1,'04002005','KAEDAH 16(3)',1,NULL,'0000-00-00 00:00:00',NULL,'0000-00-00 00:00:00',NULL,'0000-00-00 00:00:00'),
	(44,1,'04002006','KAEDAH 17(B)(3)',1,NULL,'0000-00-00 00:00:00',NULL,'0000-00-00 00:00:00',NULL,'0000-00-00 00:00:00'),
	(45,1,'04002007','KAEDAH 44',1,NULL,'0000-00-00 00:00:00',NULL,'0000-00-00 00:00:00',NULL,'0000-00-00 00:00:00'),
	(46,1,'04002008','KAEDAH 16(1)',1,NULL,'0000-00-00 00:00:00',NULL,'0000-00-00 00:00:00',NULL,'0000-00-00 00:00:00'),
	(47,1,'04002009','KAEDAH  12(4)',1,NULL,'0000-00-00 00:00:00',NULL,'0000-00-00 00:00:00',NULL,'0000-00-00 00:00:00'),
	(48,1,'04002010','KAEDAH 17C(1)',1,NULL,'0000-00-00 00:00:00',NULL,'0000-00-00 00:00:00',NULL,'0000-00-00 00:00:00'),
	(49,1,'04002011','KAEDAH 17C(2)',1,NULL,'0000-00-00 00:00:00',NULL,'0000-00-00 00:00:00',NULL,'0000-00-00 00:00:00'),
	(50,1,'04002012','KAEDAH 48(1)',1,NULL,'0000-00-00 00:00:00',NULL,'0000-00-00 00:00:00',NULL,'0000-00-00 00:00:00'),
	(51,2,'03001','PERATURAN-PERATURAN WILAYAH PERSEKUTUAN PUTRAJAYA (PELESENAN DAN PEN  DAFTARAN AKTIVITI DI TASIK) 20',1,NULL,'0000-00-00 00:00:00',NULL,'0000-00-00 00:00:00',NULL,'0000-00-00 00:00:00');

/*!40000 ALTER TABLE `lkp_section` ENABLE KEYS */;
UNLOCK TABLES;


# Dump of table lkp_state
# ------------------------------------------------------------

LOCK TABLES `lkp_state` WRITE;
/*!40000 ALTER TABLE `lkp_state` DISABLE KEYS */;

INSERT INTO `lkp_state` (`state_id`, `state_name`, `state_status`, `created_by`, `created_date`, `modify_by`, `modify_date`, `deleted_by`, `deleted_date`)
VALUES
	(1,'JOHOR',1,NULL,'2016-05-10 13:30:35',NULL,'0000-00-00 00:00:00',NULL,'0000-00-00 00:00:00'),
	(2,'KEDAH',1,NULL,'2016-05-10 13:30:35',NULL,'0000-00-00 00:00:00',NULL,'0000-00-00 00:00:00'),
	(3,'KELANTAN',1,NULL,'2016-05-10 13:30:35',NULL,'0000-00-00 00:00:00',NULL,'0000-00-00 00:00:00'),
	(4,'MELAKA',1,NULL,'2016-05-10 13:30:35',NULL,'0000-00-00 00:00:00',NULL,'0000-00-00 00:00:00'),
	(5,'NEGERI SEMBILAN',1,NULL,'2016-05-10 13:30:35',NULL,'0000-00-00 00:00:00',NULL,'0000-00-00 00:00:00'),
	(6,'PAHANG',1,NULL,'2016-05-10 13:30:35',NULL,'0000-00-00 00:00:00',NULL,'0000-00-00 00:00:00'),
	(7,'PERAK',1,NULL,'2016-05-10 13:30:35',NULL,'0000-00-00 00:00:00',NULL,'0000-00-00 00:00:00'),
	(8,'PERLIS',1,NULL,'2016-05-10 13:30:35',NULL,'0000-00-00 00:00:00',NULL,'0000-00-00 00:00:00'),
	(9,'PULAU PINANG',1,NULL,'2016-05-10 13:30:35',NULL,'0000-00-00 00:00:00',NULL,'0000-00-00 00:00:00'),
	(10,'SABAH',1,NULL,'2016-05-10 13:30:35',NULL,'0000-00-00 00:00:00',NULL,'0000-00-00 00:00:00'),
	(11,'SARAWAK',1,NULL,'2016-05-10 13:30:35',NULL,'0000-00-00 00:00:00',NULL,'0000-00-00 00:00:00'),
	(12,'SELANGOR',1,NULL,'2016-05-10 13:30:35',NULL,'0000-00-00 00:00:00',NULL,'0000-00-00 00:00:00'),
	(13,'TERENGGANU',1,NULL,'2016-05-10 13:30:35',NULL,'0000-00-00 00:00:00',NULL,'0000-00-00 00:00:00'),
	(14,'WP-KUALA LUMPUR',1,NULL,'2016-05-10 13:30:35',NULL,'0000-00-00 00:00:00',NULL,'0000-00-00 00:00:00'),
	(15,'WP-LABUAN',1,NULL,'2016-05-10 13:30:35',NULL,'0000-00-00 00:00:00',NULL,'0000-00-00 00:00:00'),
	(16,'WP-PUTRAJAYA',1,NULL,'2016-05-10 13:30:35',NULL,'0000-00-00 00:00:00',NULL,'0000-00-00 00:00:00'),
	(17,'SEMUA',1,NULL,'2016-05-10 13:30:35',NULL,'0000-00-00 00:00:00',NULL,'0000-00-00 00:00:00');

/*!40000 ALTER TABLE `lkp_state` ENABLE KEYS */;
UNLOCK TABLES;


/*
SQLyog Ultimate v10.00 Beta1
MySQL - 5.5.58 : Database - ekompaun
*********************************************************************
*/


/*!40101 SET NAMES utf8 */;

/*!40101 SET SQL_MODE=''*/;

/*!40014 SET @OLD_UNIQUE_CHECKS=@@UNIQUE_CHECKS, UNIQUE_CHECKS=0 */;
/*!40014 SET @OLD_FOREIGN_KEY_CHECKS=@@FOREIGN_KEY_CHECKS, FOREIGN_KEY_CHECKS=0 */;
/*!40101 SET @OLD_SQL_MODE=@@SQL_MODE, SQL_MODE='NO_AUTO_VALUE_ON_ZERO' */;
/*!40111 SET @OLD_SQL_NOTES=@@SQL_NOTES, SQL_NOTES=0 */;
CREATE DATABASE /*!32312 IF NOT EXISTS*/`ekompaun` /*!40100 DEFAULT CHARACTER SET latin1 */;

/*Table structure for table `lkp_status` */

DROP TABLE IF EXISTS `lkp_status`;

CREATE TABLE `lkp_status` (
  `status_id` int(10) unsigned NOT NULL AUTO_INCREMENT,
  `status_code` varchar(10) COLLATE utf8mb4_unicode_ci DEFAULT NULL,
  `status_name` varchar(100) COLLATE utf8mb4_unicode_ci NOT NULL,
  `status_type` int(11) NOT NULL,
  `status_desc` varchar(100) COLLATE utf8mb4_unicode_ci DEFAULT NULL,
  `status_state` int(11) NOT NULL COMMENT '0-inactive 1-active',
  `created_by` int(11) DEFAULT NULL,
  `created_date` datetime DEFAULT NULL,
  `modify_by` int(11) DEFAULT NULL,
  `modify_date` datetime DEFAULT NULL,
  `deleted_by` int(11) DEFAULT NULL,
  `deleted_date` datetime DEFAULT NULL,
  PRIMARY KEY (`status_id`)
) ENGINE=InnoDB AUTO_INCREMENT=16 DEFAULT CHARSET=utf8mb4 COLLATE=utf8mb4_unicode_ci;

/*Data for the table `lkp_status` */

insert  into `lkp_status`(`status_id`,`status_code`,`status_name`,`status_type`,`status_desc`,`status_state`,`created_by`,`created_date`,`modify_by`,`modify_date`,`deleted_by`,`deleted_date`) values (1,'','Menunggu Kelulusan',1,'Menunggu kelulusan rayuan ke-2',1,1,NULL,NULL,NULL,NULL,NULL);
insert  into `lkp_status`(`status_id`,`status_code`,`status_name`,`status_type`,`status_desc`,`status_state`,`created_by`,`created_date`,`modify_by`,`modify_date`,`deleted_by`,`deleted_date`) values (2,'','Lulus/Pengurangan',3,'keputusan kelulusan rayuan',1,1,NULL,NULL,NULL,NULL,NULL);
insert  into `lkp_status`(`status_id`,`status_code`,`status_name`,`status_type`,`status_desc`,`status_state`,`created_by`,`created_date`,`modify_by`,`modify_date`,`deleted_by`,`deleted_date`) values (3,'','Amaran',3,'keputusan kelulusan rayuan',1,1,NULL,NULL,NULL,NULL,NULL);
insert  into `lkp_status`(`status_id`,`status_code`,`status_name`,`status_type`,`status_desc`,`status_state`,`created_by`,`created_date`,`modify_by`,`modify_date`,`deleted_by`,`deleted_date`) values (4,'','Ditolak',3,'keputusan kelulusan rayuan',1,1,NULL,NULL,NULL,NULL,NULL);
insert  into `lkp_status`(`status_id`,`status_code`,`status_name`,`status_type`,`status_desc`,`status_state`,`created_by`,`created_date`,`modify_by`,`modify_date`,`deleted_by`,`deleted_date`) values (5,'','Pembatalan',3,'keputusan kelulusan rayuan',1,1,NULL,NULL,NULL,NULL,NULL);
insert  into `lkp_status`(`status_id`,`status_code`,`status_name`,`status_type`,`status_desc`,`status_state`,`created_by`,`created_date`,`modify_by`,`modify_date`,`deleted_by`,`deleted_date`) values (6,'DT','Perlu Dokumen Tambahan',3,'Proses kelulusan rayuan',1,1,NULL,NULL,NULL,NULL,NULL);
insert  into `lkp_status`(`status_id`,`status_code`,`status_name`,`status_type`,`status_desc`,`status_state`,`created_by`,`created_date`,`modify_by`,`modify_date`,`deleted_by`,`deleted_date`) values (7,NULL,'Rayuan Mengikut Jadual',4,'Klik setuju rayuan mengikut jadual',1,1,'2017-11-21 12:42:02',NULL,NULL,NULL,NULL);
insert  into `lkp_status`(`status_id`,`status_code`,`status_name`,`status_type`,`status_desc`,`status_state`,`created_by`,`created_date`,`modify_by`,`modify_date`,`deleted_by`,`deleted_date`) values (8,NULL,'Pembatalan Automatik',4,'Untuk kes revert dan kempen',1,1,'2017-11-21 13:05:38',NULL,NULL,NULL,NULL);
insert  into `lkp_status`(`status_id`,`status_code`,`status_name`,`status_type`,`status_desc`,`status_state`,`created_by`,`created_date`,`modify_by`,`modify_date`,`deleted_by`,`deleted_date`) values (9,NULL,'Permohonan Dibatalkan',4,'Untuk kes rayuan mengikut jadual klik tidak setuju selepas klik setuju',1,1,'2017-11-21 13:07:15',NULL,NULL,NULL,NULL);
insert  into `lkp_status`(`status_id`,`status_code`,`status_name`,`status_type`,`status_desc`,`status_state`,`created_by`,`created_date`,`modify_by`,`modify_date`,`deleted_by`,`deleted_date`) values (10,NULL,'Assigned',2,'Assign Tugasan Kepada Pegawai J(U)',1,1,'2017-11-21 13:07:15',NULL,NULL,NULL,NULL);
insert  into `lkp_status`(`status_id`,`status_code`,`status_name`,`status_type`,`status_desc`,`status_state`,`created_by`,`created_date`,`modify_by`,`modify_date`,`deleted_by`,`deleted_date`) values (11,NULL,'Submit',1,'Rayuan',1,1,'2017-11-21 13:07:15',NULL,NULL,NULL,NULL);
insert  into `lkp_status`(`status_id`,`status_code`,`status_name`,`status_type`,`status_desc`,`status_state`,`created_by`,`created_date`,`modify_by`,`modify_date`,`deleted_by`,`deleted_date`) values (12,NULL,'Paid',1,'Rayuan',1,1,'2017-11-21 13:07:15',NULL,NULL,NULL,NULL);
insert  into `lkp_status`(`status_id`,`status_code`,`status_name`,`status_type`,`status_desc`,`status_state`,`created_by`,`created_date`,`modify_by`,`modify_date`,`deleted_by`,`deleted_date`) values (13,NULL,'Dokumen Lengkap',1,'Proses kelulusan rayuan',1,NULL,'2018-04-03 11:22:24',NULL,NULL,NULL,NULL);
insert  into `lkp_status`(`status_id`,`status_code`,`status_name`,`status_type`,`status_desc`,`status_state`,`created_by`,`created_date`,`modify_by`,`modify_date`,`deleted_by`,`deleted_date`) values (14,NULL,'Reset',1,'Reset setelah user buat rayuan dan tidak membuat pembayaran',1,1,'2018-04-04 10:05:42',NULL,NULL,NULL,NULL);
insert  into `lkp_status`(`status_id`,`status_code`,`status_name`,`status_type`,`status_desc`,`status_state`,`created_by`,`created_date`,`modify_by`,`modify_date`,`deleted_by`,`deleted_date`) values (15,NULL,'Tidak Selesai',1,'Tugasan tidak diselesaikan oleh Pegawai j(U),assign kembali kepada Ketua Pegawai J(U)',1,NULL,NULL,NULL,NULL,NULL,NULL);
insert  into `lkp_status`(`status_id`,`status_code`,`status_name`,`status_type`,`status_desc`,`status_state`,`created_by`,`created_date`,`modify_by`,`modify_date`,`deleted_by`,`deleted_date`) values (16,NULL,'Pending Payment',1,'Bayaran kempen belum dibuat',1,NULL,NULL,NULL,NULL,NULL,NULL);

/*!40101 SET SQL_MODE=@OLD_SQL_MODE */;
/*!40014 SET FOREIGN_KEY_CHECKS=@OLD_FOREIGN_KEY_CHECKS */;
/*!40014 SET UNIQUE_CHECKS=@OLD_UNIQUE_CHECKS */;
/*!40111 SET SQL_NOTES=@OLD_SQL_NOTES */;


# Dump of table lkp_status_sap
# ------------------------------------------------------------

LOCK TABLES `lkp_status_sap` WRITE;
/*!40000 ALTER TABLE `lkp_status_sap` DISABLE KEYS */;

INSERT INTO `lkp_status_sap` (`status_id`, `status_mandt`, `status_code`, `status_name`, `appeal_type`, `status_desc`, `created_by`, `created_date`, `modify_by`, `modify_date`, `deleted_by`, `deleted_date`)
VALUES
	(1,800,'KSS','KERTAS SIASATAN SEDIA',1,NULL,NULL,NULL,NULL,NULL,NULL,NULL),
	(2,700,'ACQ','DISCHARGE AND ACQUIT (D & A)',3,NULL,NULL,NULL,NULL,NULL,NULL,NULL),
	(3,700,'AP','COMPOUND UNDER APPEAL',1,NULL,NULL,NULL,NULL,NULL,NULL,NULL),
	(4,700,'AV','AUTO INCREASE / MANUAL REDUCE',1,NULL,NULL,NULL,NULL,NULL,NULL,NULL),
	(5,700,'CC','COMPLAINT SHEET CREATED',1,NULL,NULL,NULL,NULL,NULL,NULL,NULL),
	(6,700,'CM','COMPOUND COMPLETE',1,NULL,NULL,NULL,NULL,NULL,NULL,NULL),
	(7,700,'CML','NON COMPOUNDABLE APPROVED',1,NULL,NULL,NULL,NULL,NULL,NULL,NULL),
	(8,700,'CN','COMPOUND CREATED BUT NOT COMPLETE',1,NULL,NULL,NULL,NULL,NULL,NULL,NULL),
	(9,700,'CS','CHARGE SHEET CREATED',1,NULL,NULL,NULL,NULL,NULL,NULL,NULL),
	(10,700,'CSV','COMPOUND REACTIVATED FOR PAYMENT',1,NULL,NULL,NULL,NULL,NULL,NULL,NULL),
	(11,700,'CSX','SITAAN DEACTIVATED FROM PAYMENT',1,NULL,NULL,NULL,NULL,NULL,NULL,NULL),
	(12,700,'CT','CLAIM TRIAL',2,NULL,NULL,NULL,NULL,NULL,NULL,NULL),
	(13,700,'CX','COMPOUND CANCELLED',3,NULL,NULL,NULL,NULL,NULL,NULL,NULL),
	(14,700,'D','DENDA',3,NULL,NULL,NULL,NULL,NULL,NULL,NULL),
	(15,700,'DB','DATE MENTIONED IN SUMMONS',2,NULL,NULL,NULL,NULL,NULL,NULL,NULL),
	(16,700,'DNAA','DISCHARGE NOT AMOUNTING TO ACQUITTAL',3,NULL,NULL,NULL,NULL,NULL,NULL,NULL),
	(17,700,'DX','COURT DOC SUBMITTED',1,NULL,NULL,NULL,NULL,NULL,NULL,NULL),
	(18,700,'HD','HEARING DATE',2,NULL,NULL,NULL,NULL,NULL,NULL,NULL),
	(19,700,'NS','SUMMONS NOT SERVED',2,NULL,NULL,NULL,NULL,NULL,NULL,NULL),
	(20,700,'SB','SAMAN BATAL',3,NULL,NULL,NULL,NULL,NULL,NULL,NULL),
	(21,700,'SBS','SAMAN BELUM SEMPURNA',2,NULL,NULL,NULL,NULL,NULL,NULL,NULL),
	(22,700,'SC','SUMMONS CREATED',2,NULL,NULL,NULL,NULL,NULL,NULL,NULL),
	(23,700,'SI','SUMMONS ISSUED',1,NULL,NULL,NULL,NULL,NULL,NULL,NULL),
	(24,700,'SP','COURT JUDGEMENT PASSED',1,NULL,NULL,NULL,NULL,NULL,NULL,NULL),
	(25,700,'SR','SUMMONS REPROCESSED',1,NULL,NULL,NULL,NULL,NULL,NULL,NULL),
	(26,700,'SV','SUMMONS SERVED',1,NULL,NULL,NULL,NULL,NULL,NULL,NULL),
	(27,700,'WT','WARAN TANGKAP',1,NULL,NULL,NULL,NULL,NULL,NULL,NULL),
	(28,700,'X','COMPOUND CLOSED',3,NULL,NULL,NULL,NULL,NULL,NULL,NULL),
	(29,700,'XC','COMPLAINT SHEET ACCEPTED',1,NULL,NULL,NULL,NULL,NULL,NULL,NULL),
	(30,700,'XD','COMPOUND DNAA',1,NULL,NULL,NULL,NULL,NULL,NULL,NULL),
	(31,700,'XN','COMPLAINT SHEET REJECTED',1,NULL,NULL,NULL,NULL,NULL,NULL,NULL),
	(32,700,'XS','COMPLAINT SHEET ISSUED',1,NULL,NULL,NULL,NULL,NULL,NULL,NULL),
	(33,800,'SM','SALAH MASUK',3,NULL,NULL,NULL,NULL,NULL,NULL,NULL),
	(34,800,'AF','AFIDAVIT',2,NULL,NULL,NULL,NULL,NULL,NULL,NULL),
	(35,800,'ACQ','DISCHARGE AND ACQUIT (D & A)',3,NULL,NULL,NULL,NULL,NULL,NULL,NULL),
	(36,800,'AP','COMPOUND UNDER APPEAL',1,NULL,NULL,NULL,NULL,NULL,NULL,NULL),
	(37,800,'AV','AUTO INCREASE / MANUAL REDUCE',1,NULL,NULL,NULL,NULL,NULL,NULL,NULL),
	(38,800,'CC','COMPLAINT SHEET CREATED',1,NULL,NULL,NULL,NULL,NULL,NULL,NULL),
	(39,800,'CM','COMPOUND COMPLETE',1,NULL,NULL,NULL,NULL,NULL,NULL,NULL),
	(40,800,'CML','NON COMPOUNDABLE APPROVED',1,NULL,NULL,NULL,NULL,NULL,NULL,NULL),
	(41,800,'CN','COMPOUND CREATED BUT NOT COMPLETE',1,NULL,NULL,NULL,NULL,NULL,NULL,NULL),
	(42,800,'CS','CHARGE SHEET CREATED',1,NULL,NULL,NULL,NULL,NULL,NULL,NULL),
	(43,800,'CSV','COMPOUND REACTIVATED FOR PAYMENT',1,NULL,NULL,NULL,NULL,NULL,NULL,NULL),
	(44,800,'CSX','SITAAN DEACTIVATED FROM PAYMENT',1,NULL,NULL,NULL,NULL,NULL,NULL,NULL),
	(45,800,'CT','CLAIM TRIAL',1,NULL,NULL,NULL,NULL,NULL,NULL,NULL),
	(46,800,'CX','COMPOUND CANCELLED',3,NULL,NULL,NULL,NULL,NULL,NULL,NULL),
	(47,800,'D','DENDA',3,NULL,NULL,NULL,NULL,NULL,NULL,NULL),
	(48,800,'DB','DATE MENTIONED IN SUMMONS',1,NULL,NULL,NULL,NULL,NULL,NULL,NULL),
	(49,800,'DNAA','DISCHARGE NOT AMOUNTING TO ACQUITTAL',1,NULL,NULL,NULL,NULL,NULL,NULL,NULL),
	(50,800,'DX','COURT DOC SUBMITTED',1,NULL,NULL,NULL,NULL,NULL,NULL,NULL),
	(51,800,'HD','HEARING DATE',1,NULL,NULL,NULL,NULL,NULL,NULL,NULL),
	(52,800,'NS','SUMMONS NOT SERVED',1,NULL,NULL,NULL,NULL,NULL,NULL,NULL),
	(53,800,'SB','SAMAN BATAL',1,NULL,NULL,NULL,NULL,NULL,NULL,NULL),
	(54,800,'SBS','SAMAN BELUM SEMPURNA',2,NULL,NULL,NULL,NULL,NULL,NULL,NULL),
	(55,800,'SC','SUMMONS CREATED',1,NULL,NULL,NULL,NULL,NULL,NULL,NULL),
	(56,800,'SI','SUMMONS ISSUED',1,NULL,NULL,NULL,NULL,NULL,NULL,NULL),
	(57,800,'SP','COURT JUDGEMENT PASSED',3,NULL,NULL,NULL,NULL,NULL,NULL,NULL),
	(58,800,'SR','SUMMONS REPROCESSED',1,NULL,NULL,NULL,NULL,NULL,NULL,NULL),
	(59,800,'SV','SUMMONS SERVED',2,NULL,NULL,NULL,NULL,NULL,NULL,NULL),
	(60,800,'WT','WARAN TANGKAP',2,NULL,NULL,NULL,NULL,NULL,NULL,NULL),
	(61,800,'X','COMPOUND CLOSED',3,NULL,NULL,NULL,NULL,NULL,NULL,NULL),
	(62,800,'XC','COMPLAINT SHEET ACCEPTED',1,NULL,NULL,NULL,NULL,NULL,NULL,NULL),
	(63,800,'XD','COMPOUND DNAA',3,NULL,NULL,NULL,NULL,NULL,NULL,NULL),
	(64,800,'XN','COMPLAINT SHEET REJECTED',3,NULL,NULL,NULL,NULL,NULL,NULL,NULL),
	(65,800,'XS','COMPLAINT SHEET ISSUED',3,NULL,NULL,NULL,NULL,NULL,NULL,NULL),
	(66,800,'SN','SUMMON REFERENCE NUMBER RECEIVED',2,NULL,NULL,NULL,NULL,NULL,NULL,NULL),
	(67,800,'CP','CAMPAIGN AMOUNT',1,NULL,NULL,NULL,NULL,NULL,NULL,NULL);

/*!40000 ALTER TABLE `lkp_status_sap` ENABLE KEYS */;
UNLOCK TABLES;


# Dump of table lkp_vehicle
# ------------------------------------------------------------

LOCK TABLES `lkp_vehicle` WRITE;
/*!40000 ALTER TABLE `lkp_vehicle` DISABLE KEYS */;

INSERT INTO `lkp_vehicle` (`vehicle_id`, `vehicle_name`, `vehicle_status`, `created_by`, `created_date`, `modify_by`, `modify_date`, `deleted_by`, `deleted_date`)
VALUES
	(1,'Motosikal',1,NULL,'0000-00-00 00:00:00',NULL,'0000-00-00 00:00:00',NULL,'0000-00-00 00:00:00'),
	(2,'Kereta',1,NULL,'0000-00-00 00:00:00',NULL,'0000-00-00 00:00:00',NULL,'0000-00-00 00:00:00'),
	(3,'Lori',0,NULL,'0000-00-00 00:00:00',NULL,'0000-00-00 00:00:00',NULL,'0000-00-00 00:00:00'),
	(4,'Van',0,NULL,'0000-00-00 00:00:00',NULL,'0000-00-00 00:00:00',NULL,'0000-00-00 00:00:00'),
	(5,'Motosikal Roda Tiga',0,NULL,'0000-00-00 00:00:00',NULL,'0000-00-00 00:00:00',NULL,'0000-00-00 00:00:00'),
	(6,'Semua Kenderaan',0,NULL,'0000-00-00 00:00:00',NULL,'0000-00-00 00:00:00',NULL,'0000-00-00 00:00:00');

/*!40000 ALTER TABLE `lkp_vehicle` ENABLE KEYS */;
UNLOCK TABLES;


#insert schedule rate akta kerajaan tempatan

#seksyen
insert into lkp_section (fk_lkp_actid,section_name, section_status) values (3, 'Seksyen 69', 1);
insert into lkp_section (fk_lkp_actid,section_name, section_status) values (3, 'Seksyen 70', 1);
insert into lkp_section (fk_lkp_actid,section_name, section_status) values (3, 'Seksyen 74', 1);
insert into lkp_section (fk_lkp_actid,section_name, section_status) values (3, 'Seksyen 75', 1);
insert into lkp_section (fk_lkp_actid,section_name, section_status) values (3, 'Seksyen 76', 1);
insert into lkp_section (fk_lkp_actid,section_name, section_status) values (3, 'Seksyen 77', 1);
insert into lkp_section (fk_lkp_actid,section_name, section_status) values (3, 'Seksyen 78', 1);
insert into lkp_section (fk_lkp_actid,section_name, section_status) values (3, 'Seksyen 82(5)', 1);
insert into lkp_section (fk_lkp_actid,section_name, section_status) values (3, 'Seksyen 95', 1);
insert into lkp_section (fk_lkp_actid,section_name, section_status) values (3, 'Seksyen 97', 1);
insert into lkp_section (fk_lkp_actid,section_name, section_status) values (3, 'Seksyen 107(5)', 1);
insert into lkp_section (fk_lkp_actid,section_name, section_status) values (3, 'Seksyen 109', 1);
insert into lkp_section (fk_lkp_actid,section_name, section_status) values (3, 'Seksyen 111', 1);
insert into lkp_section (fk_lkp_actid,section_name, section_status) values (3, 'Seksyen 112', 1);
insert into lkp_section (fk_lkp_actid,section_name, section_status) values (3, 'Seksyen 140(2)(a)', 1);
insert into lkp_section (fk_lkp_actid,section_name, section_status) values (3, 'Seksyen 160',	1);
insert into lkp_section (fk_lkp_actid,section_name, section_status) values (3, 'Seksyen 161', 1);


#offence
insert into lkp_offence(fk_lkp_sectionid, fk_lkp_actid, offence_name, offence_status) values (52, 3, 'Kacau ganggu sungai',	1);
insert into lkp_offence(fk_lkp_sectionid, fk_lkp_actid, offence_name, offence_status) values (53, 3, 'Pencemaran sungai', 1);
insert into lkp_offence(fk_lkp_sectionid, fk_lkp_actid, offence_name, offence_status) values (54, 3, 'Rumah kotor  dll.', 1);
insert into lkp_offence(fk_lkp_sectionid, fk_lkp_actid, offence_name, offence_status) values (55, 3, 'Kuasa mencuci rumah', 1);
insert into lkp_offence(fk_lkp_sectionid, fk_lkp_actid, offence_name, offence_status) values (56, 3, 'Memusnahkan  tikus', 1);
insert into lkp_offence(fk_lkp_sectionid, fk_lkp_actid, offence_name, offence_status) values (57, 3, 'Menutup kediaman  tak bersih', 1);
insert into lkp_offence(fk_lkp_sectionid, fk_lkp_actid, offence_name, offence_status) values (58, 3, 'Rumah penuh sesak', 1);
insert into lkp_offence(fk_lkp_sectionid, fk_lkp_actid, offence_name, offence_status) values (59, 3, 'Notis kacau ganggu', 1);
insert into lkp_offence(fk_lkp_sectionid, fk_lkp_actid, offence_name, offence_status) values (60, 3, 'Penalti pengkebumian', 1);
insert into lkp_offence(fk_lkp_sectionid, fk_lkp_actid, offence_name, offence_status) values (61, 3, 'Mengeluarkan mayat', 1);
insert into lkp_offence(fk_lkp_sectionid, fk_lkp_actid, offence_name, offence_status) values (62, 3, 'Tidak pamer lesen dll', 1);
insert into lkp_offence(fk_lkp_sectionid, fk_lkp_actid, offence_name, offence_status) values (63, 3, 'Mungkir notis', 1);
insert into lkp_offence(fk_lkp_sectionid, fk_lkp_actid, offence_name, offence_status) values (64, 3, 'Meminta alamat', 1);
insert into lkp_offence(fk_lkp_sectionid, fk_lkp_actid, offence_name, offence_status) values (65, 3, 'Menghalang tugas', 1);
insert into lkp_offence(fk_lkp_sectionid, fk_lkp_actid, offence_name, offence_status) values (66, 3, 'Penyata nilaian', 1);
insert into lkp_offence(fk_lkp_sectionid, fk_lkp_actid, offence_name, offence_status) values (67, 3, 'Notis pindahmilik berkadar', 1);
insert into lkp_offence(fk_lkp_sectionid, fk_lkp_actid, offence_name, offence_status) values (68, 3, 'Notis bangunan baru', 1);

#period kesalahan pertama, kedua, ketiga
insert into `lkp_period` (`period_id`, `period_name`, `period_status`, `created_by`, `created_date`, `modify_by`, `modify_date`, `deleted_by`, `deleted_date`) values('13','Kesalahan Pertama','1',NULL,NULL,NULL,NULL,NULL,NULL);
insert into `lkp_period` (`period_id`, `period_name`, `period_status`, `created_by`, `created_date`, `modify_by`, `modify_date`, `deleted_by`, `deleted_date`) values('14','Kesalahan Kedua','1',NULL,NULL,NULL,NULL,NULL,NULL);
insert into `lkp_period` (`period_id`, `period_name`, `period_status`, `created_by`, `created_date`, `modify_by`, `modify_date`, `deleted_by`, `deleted_date`) values('15','Kesalahan Ketiga','1',NULL,NULL,NULL,NULL,NULL,NULL);

#ek_schedule_rate offence id 52
insert into `ek_schedule_rate` (`fk_lkp_period`, `fk_lkp_offence`, `fk_lkp_act`, `schd_usercategory`, `schd_amount`, `schd_startdate`, `schd_enddate`, `schd_status`, `created_by`, `created_date`, `modify_by`, `modify_date`, `deleted_by`, `deleted_date`) values('13','52','3','1','100.00','2018-01-01','2018-12-31','1',NULL,'2018-01-05 07:58:50',NULL,'2018-01-05 07:58:50',NULL,NULL);
insert into `ek_schedule_rate` (`fk_lkp_period`, `fk_lkp_offence`, `fk_lkp_act`, `schd_usercategory`, `schd_amount`, `schd_startdate`, `schd_enddate`, `schd_status`, `created_by`, `created_date`, `modify_by`, `modify_date`, `deleted_by`, `deleted_date`) values('14','52','3','1','150.00','2018-01-01','2018-12-31','1',NULL,'2018-01-05 07:58:50',NULL,'2018-01-05 07:58:50',NULL,NULL);
insert into `ek_schedule_rate` (`fk_lkp_period`, `fk_lkp_offence`, `fk_lkp_act`, `schd_usercategory`, `schd_amount`, `schd_startdate`, `schd_enddate`, `schd_status`, `created_by`, `created_date`, `modify_by`, `modify_date`, `deleted_by`, `deleted_date`) values('15','52','3','1','200.00','2018-01-01','2018-12-31','1',NULL,'2018-01-05 07:58:50',NULL,'2018-01-05 07:58:50',NULL,NULL);
insert into `ek_schedule_rate` (`fk_lkp_period`, `fk_lkp_offence`, `fk_lkp_act`, `schd_usercategory`, `schd_amount`, `schd_startdate`, `schd_enddate`, `schd_status`, `created_by`, `created_date`, `modify_by`, `modify_date`, `deleted_by`, `deleted_date`) values('13','52','3','2','200.00','2018-01-01','2018-12-31','1',NULL,'2018-01-05 07:58:50',NULL,'2018-01-05 07:58:50',NULL,NULL);
insert into `ek_schedule_rate` (`fk_lkp_period`, `fk_lkp_offence`, `fk_lkp_act`, `schd_usercategory`, `schd_amount`, `schd_startdate`, `schd_enddate`, `schd_status`, `created_by`, `created_date`, `modify_by`, `modify_date`, `deleted_by`, `deleted_date`) values('14','52','3','2','300.00','2018-01-01','2018-12-31','1',NULL,'2018-01-05 07:58:50',NULL,'2018-01-05 07:58:50',NULL,NULL);
insert into `ek_schedule_rate` (`fk_lkp_period`, `fk_lkp_offence`, `fk_lkp_act`, `schd_usercategory`, `schd_amount`, `schd_startdate`, `schd_enddate`, `schd_status`, `created_by`, `created_date`, `modify_by`, `modify_date`, `deleted_by`, `deleted_date`) values('15','52','3','2','500.00','2018-01-01','2018-12-31','1',NULL,'2018-01-05 07:58:50',NULL,'2018-01-05 07:58:50',NULL,NULL);
